platform,total_attributed_revenue,total_spend,total_clicks,total_impressions,total_touchpoints,revenue_per_touchpoint,attributed_roi
email_campaigns,221699807.69,0.0,0,0,998,222144.09588176353,0.0
web_traffic,15870245.47,0.0,0,0,822,19306.867968369832,0.0
google_ads,29195079.51,1597020.8,895751,36121979,1750,16682.902577142857,1728.096384843579
facebook_ads,16028853.45,1162977.08,519833,26182014,1256,12761.82599522293,1278.2604769820568
revenue,0.0,0.0,0,0,2638,0.0,0.0
